<?xml version="1.0" encoding="UTF-8"?>
    <addon id="repository.kaiwizard" name="kaiwizard" version="1.0" provider-name="bigredgb">
        <extension point="xbmc.addon.repository" name="kaiwizard">
            <info compressed="false">https://raw.github.com/bowensoft/repository.kai/master/kaiwizard/addons.xml</info>
            <checksum>https://raw.github.com/bowensoft/repository.kai/master/kaiwizard/addons.xml.md5</checksum>
            <datadir zip="true">https://raw.github.com/bowensoft/repository.kai/master/kaiwizard/</datadir>
            <hashes>false</hashes>
        </extension>
        <extension point="xbmc.addon.metadata">
            <summary>kaiwizard</summary>
            <description>guess what kaiwizard here</description>
            <platform>all</platform>
    </extension>
</addon>